File_name,Date
00000144-PHOTO-2019-07-27-17-29-48.jpg,2019-07-27
00000145-PHOTO-2019-07-27-17-29-53.jpg,2019-07-27
00000146-PHOTO-2019-07-27-17-30-04.jpg,2019-07-27
00000147-PHOTO-2019-07-27-17-30-12.jpg,2019-07-27
00000148-PHOTO-2019-07-27-17-30-14.jpg,2019-07-27
00000149-PHOTO-2019-07-27-17-30-15.jpg,2019-07-27
00000398-PHOTO-2019-10-18-15-01-16.jpg,2019-10-18
00000497-PHOTO-2019-11-05-17-18-04.jpg,2019-11-05
00000498-PHOTO-2019-11-05-17-18-05.jpg,2019-11-05
00000527-PHOTO-2019-11-09-22-28-48.jpg,2019-11-09
00000528-PHOTO-2019-11-09-22-28-48.jpg,2019-11-09
00000568-PHOTO-2019-11-14-18-27-26.jpg,2019-11-14
00000569-PHOTO-2019-11-14-18-27-29.jpg,2019-11-14
00000570-PHOTO-2019-11-14-18-27-31.jpg,2019-11-14
00000571-PHOTO-2019-11-14-18-27-31.jpg,2019-11-14
00000572-PHOTO-2019-11-14-18-27-32.jpg,2019-11-14
00000628-PHOTO-2019-12-04-18-04-50.jpg,2019-12-04
00000629-PHOTO-2019-12-04-18-05-04.jpg,2019-12-04
00000831-PHOTO-2019-12-30-21-56-43.jpg,2019-12-30
00000856-PHOTO-2020-01-01-14-02-03.jpg,2020-01-01
00001017-PHOTO-2020-01-19-10-57-34.jpg,2020-01-19
00001087-PHOTO-2020-02-13-16-35-40.jpg,2020-02-13
00001088-PHOTO-2020-02-13-16-35-41.jpg,2020-02-13
00001089-PHOTO-2020-02-13-16-35-41.jpg,2020-02-13
00001090-PHOTO-2020-02-13-16-35-42.jpg,2020-02-13
00001091-PHOTO-2020-02-13-16-35-43.jpg,2020-02-13
00001092-PHOTO-2020-02-13-16-35-44.jpg,2020-02-13
00001093-PHOTO-2020-02-13-16-35-45.jpg,2020-02-13
00001094-PHOTO-2020-02-13-16-35-46.jpg,2020-02-13
00001095-PHOTO-2020-02-13-16-35-47.jpg,2020-02-13
00001096-PHOTO-2020-02-13-16-35-47.jpg,2020-02-13
00001097-PHOTO-2020-02-13-16-35-48.jpg,2020-02-13
00001098-PHOTO-2020-02-13-16-35-48.jpg,2020-02-13
00001122-PHOTO-2020-02-15-17-33-35.jpg,2020-02-15
00001123-PHOTO-2020-02-15-17-33-36.jpg,2020-02-15
00001124-PHOTO-2020-02-15-17-33-37.jpg,2020-02-15
00001125-PHOTO-2020-02-15-17-33-38.jpg,2020-02-15
00001126-PHOTO-2020-02-15-17-33-38.jpg,2020-02-15
00001127-PHOTO-2020-02-15-17-33-39.jpg,2020-02-15
00001128-PHOTO-2020-02-15-17-34-16.jpg,2020-02-15
00001129-PHOTO-2020-02-15-17-34-17.jpg,2020-02-15
00001130-PHOTO-2020-02-15-17-34-18.jpg,2020-02-15
00001131-PHOTO-2020-02-15-17-34-19.jpg,2020-02-15
00001132-PHOTO-2020-02-15-17-34-19.jpg,2020-02-15
00001133-PHOTO-2020-02-15-17-34-20.jpg,2020-02-15
00001147-PHOTO-2020-02-17-13-57-37.jpg,2020-02-17
00001148-PHOTO-2020-02-17-13-57-37.jpg,2020-02-17
00001149-PHOTO-2020-02-17-13-57-38.jpg,2020-02-17
00001150-PHOTO-2020-02-17-13-57-39.jpg,2020-02-17
00001151-PHOTO-2020-02-17-13-57-40.jpg,2020-02-17
00001152-PHOTO-2020-02-17-13-57-40.jpg,2020-02-17
00001161-PHOTO-2020-02-18-20-58-35.jpg,2020-02-18
00001162-PHOTO-2020-02-18-20-58-35.jpg,2020-02-18
00001163-PHOTO-2020-02-18-20-58-36.jpg,2020-02-18
00001164-PHOTO-2020-02-18-20-58-36.jpg,2020-02-18
00001165-PHOTO-2020-02-18-20-58-37.jpg,2020-02-18
00001166-PHOTO-2020-02-18-20-58-37.jpg,2020-02-18
00001167-PHOTO-2020-02-18-20-59-01.jpg,2020-02-18
00001168-PHOTO-2020-02-18-20-59-03.jpg,2020-02-18
00001169-PHOTO-2020-02-18-20-59-05.jpg,2020-02-18
00001170-PHOTO-2020-02-18-20-59-06.jpg,2020-02-18
00001171-PHOTO-2020-02-18-20-59-06.jpg,2020-02-18
00001172-PHOTO-2020-02-18-20-59-07.jpg,2020-02-18
00001173-PHOTO-2020-02-18-20-59-07.jpg,2020-02-18
00001188-PHOTO-2020-02-20-17-00-59.jpg,2020-02-20
00001189-PHOTO-2020-02-20-17-00-59.jpg,2020-02-20
00001190-PHOTO-2020-02-20-17-01-00.jpg,2020-02-20
00001191-PHOTO-2020-02-20-17-01-01.jpg,2020-02-20
00001198-PHOTO-2020-02-21-15-43-01.jpg,2020-02-21
00001199-PHOTO-2020-02-21-15-43-03.jpg,2020-02-21
00001200-PHOTO-2020-02-21-15-43-10.jpg,2020-02-21
00001201-PHOTO-2020-02-21-15-43-11.jpg,2020-02-21
00001202-PHOTO-2020-02-21-15-43-13.jpg,2020-02-21
00001203-PHOTO-2020-02-21-15-43-15.jpg,2020-02-21
00001218-PHOTO-2020-02-22-13-50-55.jpg,2020-02-22
00001219-PHOTO-2020-02-22-13-51-02.jpg,2020-02-22
00001220-PHOTO-2020-02-22-13-51-14.jpg,2020-02-22
00001221-PHOTO-2020-02-22-13-51-42.jpg,2020-02-22
00001222-PHOTO-2020-02-22-13-52-01.jpg,2020-02-22
00001223-PHOTO-2020-02-22-13-52-08.jpg,2020-02-22
00001224-PHOTO-2020-02-22-13-52-44.jpg,2020-02-22
00001240-PHOTO-2020-02-25-14-00-18.jpg,2020-02-25
00001241-PHOTO-2020-02-25-14-00-18.jpg,2020-02-25
00001242-PHOTO-2020-02-25-14-00-19.jpg,2020-02-25
00001243-PHOTO-2020-02-25-14-00-19.jpg,2020-02-25
00001244-PHOTO-2020-02-25-14-00-19.jpg,2020-02-25
00001256-PHOTO-2020-03-03-17-48-10.jpg,2020-03-03
00001257-PHOTO-2020-03-03-17-48-11.jpg,2020-03-03
00001258-PHOTO-2020-03-03-17-48-11.jpg,2020-03-03
00001259-PHOTO-2020-03-03-17-48-11.jpg,2020-03-03
00001260-PHOTO-2020-03-03-17-48-12.jpg,2020-03-03
00001261-PHOTO-2020-03-03-18-35-57.jpg,2020-03-03
00001313-PHOTO-2020-03-12-13-13-35.jpg,2020-03-12
00001314-PHOTO-2020-03-12-13-13-37.jpg,2020-03-12
00001315-PHOTO-2020-03-12-13-13-39.jpg,2020-03-12
00001316-PHOTO-2020-03-12-13-13-42.jpg,2020-03-12
00001317-PHOTO-2020-03-12-13-13-43.jpg,2020-03-12
00001318-PHOTO-2020-03-12-13-13-45.jpg,2020-03-12
00001319-PHOTO-2020-03-12-13-13-46.jpg,2020-03-12
00001320-PHOTO-2020-03-12-13-13-47.jpg,2020-03-12
00001321-PHOTO-2020-03-12-13-16-10.jpg,2020-03-12
00001322-PHOTO-2020-03-12-13-16-12.jpg,2020-03-12
00001323-PHOTO-2020-03-12-13-16-13.jpg,2020-03-12
00001324-PHOTO-2020-03-12-13-16-13.jpg,2020-03-12
00001377-PHOTO-2020-03-16-22-34-13.jpg,2020-03-16
00001378-PHOTO-2020-03-16-22-34-14.jpg,2020-03-16
00001379-PHOTO-2020-03-16-22-34-15.jpg,2020-03-16
00001380-PHOTO-2020-03-16-22-34-15.jpg,2020-03-16
00001381-PHOTO-2020-03-16-22-34-15.jpg,2020-03-16
00001386-PHOTO-2020-03-17-00-11-57.jpg,2020-03-17
00001399-PHOTO-2020-03-18-14-40-51.jpg,2020-03-18
00001400-PHOTO-2020-03-18-14-40-52.jpg,2020-03-18
00001401-PHOTO-2020-03-18-14-40-53.jpg,2020-03-18
00001402-PHOTO-2020-03-18-14-40-53.jpg,2020-03-18
00001403-PHOTO-2020-03-18-14-40-53.jpg,2020-03-18
00001414-PHOTO-2020-03-19-12-05-55.jpg,2020-03-19
00001415-PHOTO-2020-03-19-12-05-56.jpg,2020-03-19
00001416-PHOTO-2020-03-19-12-05-56.jpg,2020-03-19
00001417-PHOTO-2020-03-19-12-05-57.jpg,2020-03-19
00001418-PHOTO-2020-03-19-12-05-57.jpg,2020-03-19
00001430-PHOTO-2020-03-20-14-17-46.jpg,2020-03-20
00001431-PHOTO-2020-03-20-14-17-47.jpg,2020-03-20
00001432-PHOTO-2020-03-20-14-17-47.jpg,2020-03-20
00001433-PHOTO-2020-03-20-14-17-48.jpg,2020-03-20
00001434-PHOTO-2020-03-20-14-17-48.jpg,2020-03-20
00001435-PHOTO-2020-03-20-14-17-49.jpg,2020-03-20
00001436-PHOTO-2020-03-20-14-17-49.jpg,2020-03-20
00001437-PHOTO-2020-03-20-14-17-50.jpg,2020-03-20
00001438-PHOTO-2020-03-20-14-17-50.jpg,2020-03-20
00001439-PHOTO-2020-03-20-14-17-50.jpg,2020-03-20
00001440-PHOTO-2020-03-20-14-17-51.jpg,2020-03-20
00001453-PHOTO-2020-03-21-13-17-03.jpg,2020-03-21
00001454-PHOTO-2020-03-21-13-17-04.jpg,2020-03-21
00001455-PHOTO-2020-03-21-13-17-04.jpg,2020-03-21
00001456-PHOTO-2020-03-21-13-17-05.jpg,2020-03-21
00001457-PHOTO-2020-03-21-13-17-05.jpg,2020-03-21
00001477-PHOTO-2020-03-28-12-54-38.jpg,2020-03-28
00001478-PHOTO-2020-03-28-12-54-39.jpg,2020-03-28
00001495-PHOTO-2020-04-06-12-16-09.jpg,2020-04-06
00001498-PHOTO-2020-04-06-13-20-54.jpg,2020-04-06
00001499-PHOTO-2020-04-06-13-20-54.jpg,2020-04-06
00001500-PHOTO-2020-04-06-13-21-02.jpg,2020-04-06
00001516-PHOTO-2020-04-09-18-34-00.jpg,2020-04-09
00001524-PHOTO-2020-04-14-23-43-04.jpg,2020-04-14
00001525-PHOTO-2020-04-14-23-43-05.jpg,2020-04-14
00001526-PHOTO-2020-04-15-12-43-50.jpg,2020-04-15
00001527-PHOTO-2020-04-15-12-43-51.jpg,2020-04-15
00001528-PHOTO-2020-04-15-12-43-51.jpg,2020-04-15
00001529-PHOTO-2020-04-15-12-43-51.jpg,2020-04-15
00001530-PHOTO-2020-04-15-12-43-52.jpg,2020-04-15
00001540-PHOTO-2020-04-17-09-44-20.jpg,2020-04-17
00001580-PHOTO-2020-05-02-17-34-54.jpg,2020-05-02
00001581-PHOTO-2020-05-02-17-34-54.jpg,2020-05-02
00001582-PHOTO-2020-05-02-17-34-54.jpg,2020-05-02
00001583-PHOTO-2020-05-02-17-34-55.jpg,2020-05-02
00001584-PHOTO-2020-05-02-17-34-55.jpg,2020-05-02
00001585-PHOTO-2020-05-02-17-34-56.jpg,2020-05-02
00001587-PHOTO-2020-05-06-12-09-50.jpg,2020-05-06
00001588-PHOTO-2020-05-06-12-09-51.jpg,2020-05-06
00001589-PHOTO-2020-05-06-12-09-51.jpg,2020-05-06
00001595-PHOTO-2020-05-15-19-59-12.jpg,2020-05-15
00001596-PHOTO-2020-05-15-19-59-13.jpg,2020-05-15
00001597-PHOTO-2020-05-15-19-59-13.jpg,2020-05-15
00001598-PHOTO-2020-05-15-19-59-14.jpg,2020-05-15
00001603-PHOTO-2020-05-16-15-34-46.jpg,2020-05-16
00001604-PHOTO-2020-05-16-15-34-47.jpg,2020-05-16
00001605-PHOTO-2020-05-16-15-34-47.jpg,2020-05-16
00001606-PHOTO-2020-05-16-15-34-48.jpg,2020-05-16
00001608-PHOTO-2020-05-16-22-07-02.jpg,2020-05-16
00001609-PHOTO-2020-05-16-22-07-13.jpg,2020-05-16
00001616-PHOTO-2020-05-18-14-49-25.jpg,2020-05-18
00001617-PHOTO-2020-05-18-14-49-25.jpg,2020-05-18
00001618-PHOTO-2020-05-18-14-49-26.jpg,2020-05-18
00001626-PHOTO-2020-05-21-12-09-22.jpg,2020-05-21
00001627-PHOTO-2020-05-21-12-09-31.jpg,2020-05-21
00001628-PHOTO-2020-05-21-12-09-33.jpg,2020-05-21
00001629-PHOTO-2020-05-21-12-09-34.jpg,2020-05-21
00001630-PHOTO-2020-05-21-12-09-35.jpg,2020-05-21
00001632-PHOTO-2020-05-21-16-03-38.jpg,2020-05-21
00001637-PHOTO-2020-05-25-14-59-12.jpg,2020-05-25
00001638-PHOTO-2020-05-25-14-59-12.jpg,2020-05-25
00001639-PHOTO-2020-05-25-14-59-13.jpg,2020-05-25
00001640-PHOTO-2020-05-25-14-59-13.jpg,2020-05-25
00001641-PHOTO-2020-05-25-14-59-14.jpg,2020-05-25
00001647-PHOTO-2020-05-26-09-31-24.jpg,2020-05-26
00001648-PHOTO-2020-05-26-09-31-24.jpg,2020-05-26
00001650-PHOTO-2020-05-26-17-30-43.jpg,2020-05-26
00001651-PHOTO-2020-05-26-17-30-44.jpg,2020-05-26
00001652-PHOTO-2020-05-26-17-30-44.jpg,2020-05-26
00001653-PHOTO-2020-05-26-17-30-44.jpg,2020-05-26
00001655-PHOTO-2020-05-28-12-01-00.jpg,2020-05-28
00001656-PHOTO-2020-05-28-12-01-01.jpg,2020-05-28
00001657-PHOTO-2020-05-28-12-01-01.jpg,2020-05-28
00001658-PHOTO-2020-05-28-12-01-02.jpg,2020-05-28
00001664-PHOTO-2020-05-29-12-33-16.jpg,2020-05-29
00001665-PHOTO-2020-05-29-12-33-17.jpg,2020-05-29
00001666-PHOTO-2020-05-29-12-33-17.jpg,2020-05-29
00001667-PHOTO-2020-05-29-12-33-18.jpg,2020-05-29
00001668-PHOTO-2020-05-29-12-33-18.jpg,2020-05-29
00001677-PHOTO-2020-06-02-13-34-02.jpg,2020-06-02
00001678-PHOTO-2020-06-02-13-34-03.jpg,2020-06-02
00001679-PHOTO-2020-06-02-13-34-03.jpg,2020-06-02
00001680-PHOTO-2020-06-02-13-34-04.jpg,2020-06-02
00001681-PHOTO-2020-06-02-13-34-04.jpg,2020-06-02
00001682-PHOTO-2020-06-02-13-34-16.jpg,2020-06-02
00001683-PHOTO-2020-06-02-13-34-17.jpg,2020-06-02
00001684-PHOTO-2020-06-02-13-34-17.jpg,2020-06-02
00001685-PHOTO-2020-06-02-13-34-18.jpg,2020-06-02
00001686-PHOTO-2020-06-02-13-34-18.jpg,2020-06-02
00001687-PHOTO-2020-06-02-13-34-19.jpg,2020-06-02
00001688-PHOTO-2020-06-02-13-34-20.jpg,2020-06-02
00001689-PHOTO-2020-06-02-13-34-21.jpg,2020-06-02
00001690-PHOTO-2020-06-02-13-34-21.jpg,2020-06-02
00001691-PHOTO-2020-06-02-13-34-21.jpg,2020-06-02
00001699-PHOTO-2020-06-03-09-43-11.jpg,2020-06-03
00001700-PHOTO-2020-06-03-09-43-12.jpg,2020-06-03
00001705-PHOTO-2020-06-04-14-07-29.jpg,2020-06-04
00001706-PHOTO-2020-06-04-14-07-29.jpg,2020-06-04
00001707-PHOTO-2020-06-04-14-07-30.jpg,2020-06-04
00001708-PHOTO-2020-06-04-14-07-30.jpg,2020-06-04
00001709-PHOTO-2020-06-04-14-07-30.jpg,2020-06-04
00001714-PHOTO-2020-06-05-15-57-38.jpg,2020-06-05
00001715-PHOTO-2020-06-05-15-57-39.jpg,2020-06-05
00001716-PHOTO-2020-06-05-15-57-39.jpg,2020-06-05
00001717-PHOTO-2020-06-05-15-57-39.jpg,2020-06-05
00001718-PHOTO-2020-06-05-15-57-40.jpg,2020-06-05
00001730-PHOTO-2020-06-09-15-01-58.jpg,2020-06-09
00001731-PHOTO-2020-06-09-15-02-01.jpg,2020-06-09
00001732-PHOTO-2020-06-09-15-02-01.jpg,2020-06-09
00001733-PHOTO-2020-06-09-15-02-02.jpg,2020-06-09
00001734-PHOTO-2020-06-09-15-02-02.jpg,2020-06-09
00001745-PHOTO-2020-06-11-15-28-07.jpg,2020-06-11
00001746-PHOTO-2020-06-11-15-28-08.jpg,2020-06-11
00001747-PHOTO-2020-06-11-15-28-13.jpg,2020-06-11
00001748-PHOTO-2020-06-11-15-28-13.jpg,2020-06-11
00001749-PHOTO-2020-06-11-15-28-15.jpg,2020-06-11
00001755-PHOTO-2020-06-12-14-50-23.jpg,2020-06-12
00001756-PHOTO-2020-06-12-14-50-23.jpg,2020-06-12
00001757-PHOTO-2020-06-12-14-50-23.jpg,2020-06-12
00001758-PHOTO-2020-06-12-14-50-24.jpg,2020-06-12
00001759-PHOTO-2020-06-12-14-50-25.jpg,2020-06-12
00001760-PHOTO-2020-06-12-14-50-25.jpg,2020-06-12
00001761-PHOTO-2020-06-12-14-50-28.jpg,2020-06-12
00001762-PHOTO-2020-06-12-14-50-28.jpg,2020-06-12
00001763-PHOTO-2020-06-12-14-50-29.jpg,2020-06-12
00001781-PHOTO-2020-06-15-13-23-35.jpg,2020-06-15
00001782-PHOTO-2020-06-15-13-23-36.jpg,2020-06-15
00001783-PHOTO-2020-06-15-13-23-36.jpg,2020-06-15
00001784-PHOTO-2020-06-15-13-23-37.jpg,2020-06-15
00001785-PHOTO-2020-06-15-13-23-38.jpg,2020-06-15
00001793-PHOTO-2020-06-16-13-54-00.jpg,2020-06-16
00001794-PHOTO-2020-06-16-13-54-00.jpg,2020-06-16
00001795-PHOTO-2020-06-16-13-54-01.jpg,2020-06-16
00001796-PHOTO-2020-06-16-13-54-01.jpg,2020-06-16
00001798-PHOTO-2020-06-18-00-33-44.jpg,2020-06-18
00001807-PHOTO-2020-06-19-13-55-04.jpg,2020-06-19
00001808-PHOTO-2020-06-19-13-55-05.jpg,2020-06-19
00001809-PHOTO-2020-06-19-13-55-05.jpg,2020-06-19
00001810-PHOTO-2020-06-19-13-55-06.jpg,2020-06-19
00001824-PHOTO-2020-06-23-18-24-33.jpg,2020-06-23
00001825-PHOTO-2020-06-23-18-24-33.jpg,2020-06-23
00001826-PHOTO-2020-06-23-18-24-34.jpg,2020-06-23
00001827-PHOTO-2020-06-23-18-24-34.jpg,2020-06-23
00001828-PHOTO-2020-06-23-18-24-35.jpg,2020-06-23
00001834-PHOTO-2020-06-24-12-58-44.jpg,2020-06-24
00001835-PHOTO-2020-06-24-12-58-45.jpg,2020-06-24
00001836-PHOTO-2020-06-24-12-58-45.jpg,2020-06-24
00001837-PHOTO-2020-06-24-12-58-46.jpg,2020-06-24
00001838-PHOTO-2020-06-24-12-58-46.jpg,2020-06-24
00001855-PHOTO-2020-06-26-14-22-26.jpg,2020-06-26
00001856-PHOTO-2020-06-26-14-22-27.jpg,2020-06-26
00001857-PHOTO-2020-06-26-14-22-27.jpg,2020-06-26
00001858-PHOTO-2020-06-26-14-22-28.jpg,2020-06-26
00001859-PHOTO-2020-06-26-14-22-28.jpg,2020-06-26
00001860-PHOTO-2020-06-26-14-22-36.jpg,2020-06-26
00001861-PHOTO-2020-06-26-14-22-36.jpg,2020-06-26
00001862-PHOTO-2020-06-26-14-22-37.jpg,2020-06-26
00001863-PHOTO-2020-06-26-14-22-37.jpg,2020-06-26
00001864-PHOTO-2020-06-26-14-22-38.jpg,2020-06-26
00001884-PHOTO-2020-07-01-10-25-35.jpg,2020-07-01
00001897-PHOTO-2020-07-11-13-14-36.jpg,2020-07-11
00001898-PHOTO-2020-07-11-13-14-37.jpg,2020-07-11
00001899-PHOTO-2020-07-11-13-14-37.jpg,2020-07-11
00001900-PHOTO-2020-07-11-13-14-38.jpg,2020-07-11
00001901-PHOTO-2020-07-11-13-14-39.jpg,2020-07-11
00001959-PHOTO-2020-07-24-16-41-53.jpg,2020-07-24
00001960-PHOTO-2020-07-24-16-41-54.jpg,2020-07-24
00001961-PHOTO-2020-07-24-16-41-55.jpg,2020-07-24
00001962-PHOTO-2020-07-24-16-41-56.jpg,2020-07-24
00001963-PHOTO-2020-07-24-16-41-57.jpg,2020-07-24
00001964-PHOTO-2020-07-24-16-41-57.jpg,2020-07-24
00001965-PHOTO-2020-07-24-16-41-58.jpg,2020-07-24
00001966-PHOTO-2020-07-24-16-41-59.jpg,2020-07-24
00001967-PHOTO-2020-07-24-16-42-00.jpg,2020-07-24
00001968-PHOTO-2020-07-24-16-42-01.jpg,2020-07-24
00001969-PHOTO-2020-07-24-16-42-01.jpg,2020-07-24
00001970-PHOTO-2020-07-24-16-42-02.jpg,2020-07-24
00001971-PHOTO-2020-07-24-16-42-03.jpg,2020-07-24
00001972-PHOTO-2020-07-24-16-42-04.jpg,2020-07-24
00002001-PHOTO-2020-07-29-14-47-08.jpg,2020-07-29
00002002-PHOTO-2020-07-29-14-47-08.jpg,2020-07-29
00002003-PHOTO-2020-07-29-14-47-08.jpg,2020-07-29
00002004-PHOTO-2020-07-29-14-47-09.jpg,2020-07-29
00002005-PHOTO-2020-07-29-14-47-10.jpg,2020-07-29
00002006-PHOTO-2020-07-29-14-47-10.jpg,2020-07-29
00002007-PHOTO-2020-07-29-14-47-11.jpg,2020-07-29
00002024-PHOTO-2020-08-06-12-33-38.jpg,2020-08-06
00002025-PHOTO-2020-08-06-12-33-38.jpg,2020-08-06
00002026-PHOTO-2020-08-06-12-33-38.jpg,2020-08-06
00002027-PHOTO-2020-08-06-12-33-39.jpg,2020-08-06
00002028-PHOTO-2020-08-06-12-33-39.jpg,2020-08-06
00002029-PHOTO-2020-08-06-12-33-39.jpg,2020-08-06
00002043-PHOTO-2020-08-14-13-42-54.jpg,2020-08-14
00002044-PHOTO-2020-08-14-13-42-54.jpg,2020-08-14
00002045-PHOTO-2020-08-14-13-42-55.jpg,2020-08-14
00002046-PHOTO-2020-08-14-13-42-56.jpg,2020-08-14
00002047-PHOTO-2020-08-14-13-42-56.jpg,2020-08-14
00002048-PHOTO-2020-08-14-13-42-57.jpg,2020-08-14
00002049-PHOTO-2020-08-14-13-42-58.jpg,2020-08-14
00002050-PHOTO-2020-08-14-13-50-33.jpg,2020-08-14
00002051-PHOTO-2020-08-14-13-50-54.jpg,2020-08-14
00002052-PHOTO-2020-08-14-13-51-05.jpg,2020-08-14
00002053-PHOTO-2020-08-14-13-51-47.jpg,2020-08-14
00002054-PHOTO-2020-08-14-13-52-47.jpg,2020-08-14
00002055-PHOTO-2020-08-14-13-53-05.jpg,2020-08-14
00002067-PHOTO-2020-08-18-17-36-23.jpg,2020-08-18
00002068-PHOTO-2020-08-18-17-36-23.jpg,2020-08-18
00002069-PHOTO-2020-08-18-17-36-24.jpg,2020-08-18
00002070-PHOTO-2020-08-18-17-36-25.jpg,2020-08-18
00002071-PHOTO-2020-08-18-17-36-25.jpg,2020-08-18
00002072-PHOTO-2020-08-18-17-36-26.jpg,2020-08-18
00002073-PHOTO-2020-08-18-17-36-26.jpg,2020-08-18
00002080-PHOTO-2020-08-21-14-21-13.jpg,2020-08-21
00002081-PHOTO-2020-08-21-14-21-14.jpg,2020-08-21
00002082-PHOTO-2020-08-21-14-21-14.jpg,2020-08-21
00002083-PHOTO-2020-08-21-14-21-14.jpg,2020-08-21
00002084-PHOTO-2020-08-21-14-21-14.jpg,2020-08-21
00002085-PHOTO-2020-08-21-14-27-05.jpg,2020-08-21
00002086-PHOTO-2020-08-21-14-27-05.jpg,2020-08-21
00002087-PHOTO-2020-08-21-14-27-05.jpg,2020-08-21
00002088-PHOTO-2020-08-21-14-27-05.jpg,2020-08-21
00002089-PHOTO-2020-08-21-14-27-05.jpg,2020-08-21
00002090-PHOTO-2020-08-21-14-27-05.jpg,2020-08-21
00002091-PHOTO-2020-08-21-14-27-05.jpg,2020-08-21
00002104-PHOTO-2020-08-24-13-52-01.jpg,2020-08-24
00002105-PHOTO-2020-08-24-13-52-02.jpg,2020-08-24
00002106-PHOTO-2020-08-24-13-52-02.jpg,2020-08-24
00002107-PHOTO-2020-08-24-13-52-03.jpg,2020-08-24
00002108-PHOTO-2020-08-24-13-52-04.jpg,2020-08-24
00002109-PHOTO-2020-08-24-13-52-04.jpg,2020-08-24
00002110-PHOTO-2020-08-24-13-52-05.jpg,2020-08-24
00002111-PHOTO-2020-08-24-14-02-15.jpg,2020-08-24
00002112-PHOTO-2020-08-24-14-02-16.jpg,2020-08-24
00002113-PHOTO-2020-08-24-14-02-16.jpg,2020-08-24
00002114-PHOTO-2020-08-24-14-02-17.jpg,2020-08-24
00002115-PHOTO-2020-08-24-14-04-16.jpg,2020-08-24
00002116-PHOTO-2020-08-24-14-04-16.jpg,2020-08-24
00002117-PHOTO-2020-08-24-14-04-18.jpg,2020-08-24
00002124-PHOTO-2020-08-25-14-59-32.jpg,2020-08-25
00002125-PHOTO-2020-08-25-14-59-32.jpg,2020-08-25
00002126-PHOTO-2020-08-25-14-59-33.jpg,2020-08-25
00002127-PHOTO-2020-08-25-14-59-33.jpg,2020-08-25
00002128-PHOTO-2020-08-25-14-59-34.jpg,2020-08-25
00002129-PHOTO-2020-08-25-14-59-34.jpg,2020-08-25
00002130-PHOTO-2020-08-25-14-59-35.jpg,2020-08-25
00002131-PHOTO-2020-08-25-15-37-56.jpg,2020-08-25
00002132-PHOTO-2020-08-25-15-37-56.jpg,2020-08-25
00002133-PHOTO-2020-08-25-15-37-57.jpg,2020-08-25
00002134-PHOTO-2020-08-25-15-37-57.jpg,2020-08-25
00002135-PHOTO-2020-08-25-15-37-57.jpg,2020-08-25
00002136-PHOTO-2020-08-25-15-37-58.jpg,2020-08-25
00002137-PHOTO-2020-08-25-15-37-58.jpg,2020-08-25
00002138-PHOTO-2020-08-25-15-37-58.jpg,2020-08-25
00002142-PHOTO-2020-08-25-17-53-41.jpg,2020-08-25
00002177-PHOTO-2020-09-05-08-38-03.jpg,2020-09-05
00002186-PHOTO-2020-09-07-13-39-48.jpg,2020-09-07
00002187-PHOTO-2020-09-07-13-39-48.jpg,2020-09-07
00002188-PHOTO-2020-09-07-13-39-49.jpg,2020-09-07
00002189-PHOTO-2020-09-07-13-39-49.jpg,2020-09-07
00002190-PHOTO-2020-09-07-13-39-49.jpg,2020-09-07
00002191-PHOTO-2020-09-07-13-39-50.jpg,2020-09-07
00002192-PHOTO-2020-09-07-13-39-50.jpg,2020-09-07
00002193-PHOTO-2020-09-07-13-39-51.jpg,2020-09-07
00002205-PHOTO-2020-09-19-15-45-56.jpg,2020-09-19
00002206-PHOTO-2020-09-19-15-45-56.jpg,2020-09-19
00002207-PHOTO-2020-09-19-15-45-57.jpg,2020-09-19
00002208-PHOTO-2020-09-19-15-45-57.jpg,2020-09-19
00002209-PHOTO-2020-09-19-15-45-58.jpg,2020-09-19
00002210-PHOTO-2020-09-19-15-45-58.jpg,2020-09-19
00002211-PHOTO-2020-09-19-15-45-58.jpg,2020-09-19
00002222-PHOTO-2020-09-22-14-47-41.jpg,2020-09-22
00002223-PHOTO-2020-09-22-14-47-42.jpg,2020-09-22
00002224-PHOTO-2020-09-22-14-47-43.jpg,2020-09-22
00002225-PHOTO-2020-09-22-14-47-44.jpg,2020-09-22
00002226-PHOTO-2020-09-22-14-47-44.jpg,2020-09-22
00002239-PHOTO-2020-09-29-18-19-21.jpg,2020-09-29
00002240-PHOTO-2020-09-29-18-19-22.jpg,2020-09-29
00002241-PHOTO-2020-09-29-18-19-22.jpg,2020-09-29
00002242-PHOTO-2020-09-29-18-19-23.jpg,2020-09-29
00002243-PHOTO-2020-09-29-18-19-23.jpg,2020-09-29
00002244-PHOTO-2020-09-29-18-19-24.jpg,2020-09-29
00002245-PHOTO-2020-09-29-18-19-24.jpg,2020-09-29
00002246-PHOTO-2020-09-29-18-19-25.jpg,2020-09-29
00002247-PHOTO-2020-09-29-18-19-26.jpg,2020-09-29
00002248-PHOTO-2020-09-29-18-19-26.jpg,2020-09-29
00002249-PHOTO-2020-09-29-18-19-27.jpg,2020-09-29
00002250-PHOTO-2020-09-29-18-19-27.jpg,2020-09-29
00002261-PHOTO-2020-10-05-18-11-18.jpg,2020-10-05
00002262-PHOTO-2020-10-05-18-11-18.jpg,2020-10-05
00002263-PHOTO-2020-10-05-18-11-19.jpg,2020-10-05
00002264-PHOTO-2020-10-05-18-11-19.jpg,2020-10-05
00002265-PHOTO-2020-10-05-18-11-20.jpg,2020-10-05
00002266-PHOTO-2020-10-05-18-11-20.jpg,2020-10-05
00002267-PHOTO-2020-10-05-18-11-21.jpg,2020-10-05
00002281-PHOTO-2020-10-12-13-53-17.jpg,2020-10-12
00002282-PHOTO-2020-10-12-13-53-17.jpg,2020-10-12
00002283-PHOTO-2020-10-12-13-53-17.jpg,2020-10-12
00002284-PHOTO-2020-10-12-13-53-17.jpg,2020-10-12
00002285-PHOTO-2020-10-12-13-53-17.jpg,2020-10-12
00002286-PHOTO-2020-10-12-13-53-17.jpg,2020-10-12
00002287-PHOTO-2020-10-12-13-53-17.jpg,2020-10-12
00002305-PHOTO-2020-10-14-23-42-55.jpg,2020-10-14
00002306-PHOTO-2020-10-14-23-42-55.jpg,2020-10-14
00002307-PHOTO-2020-10-14-23-42-55.jpg,2020-10-14
00002308-PHOTO-2020-10-14-23-42-56.jpg,2020-10-14
00002309-PHOTO-2020-10-14-23-42-57.jpg,2020-10-14
00002310-PHOTO-2020-10-14-23-42-57.jpg,2020-10-14
00002311-PHOTO-2020-10-14-23-42-58.jpg,2020-10-14
00002312-PHOTO-2020-10-14-23-43-20.jpg,2020-10-14
00002313-PHOTO-2020-10-14-23-43-20.jpg,2020-10-14
00002314-PHOTO-2020-10-14-23-43-21.jpg,2020-10-14
00002315-PHOTO-2020-10-14-23-43-21.jpg,2020-10-14
00002316-PHOTO-2020-10-14-23-43-21.jpg,2020-10-14
00002317-PHOTO-2020-10-14-23-43-22.jpg,2020-10-14
00002318-PHOTO-2020-10-14-23-43-22.jpg,2020-10-14
00002328-PHOTO-2020-10-15-19-47-00.jpg,2020-10-15
00002329-PHOTO-2020-10-15-19-47-04.jpg,2020-10-15
00002330-PHOTO-2020-10-15-19-47-05.jpg,2020-10-15
00002331-PHOTO-2020-10-15-19-47-07.jpg,2020-10-15
00002332-PHOTO-2020-10-15-19-47-08.jpg,2020-10-15
00002333-PHOTO-2020-10-15-19-47-09.jpg,2020-10-15
00002334-PHOTO-2020-10-15-19-47-10.jpg,2020-10-15
00002335-PHOTO-2020-10-15-19-47-11.jpg,2020-10-15
00002336-PHOTO-2020-10-15-19-47-12.jpg,2020-10-15
00002337-PHOTO-2020-10-15-19-47-12.jpg,2020-10-15
00002338-PHOTO-2020-10-15-19-47-13.jpg,2020-10-15
00002339-PHOTO-2020-10-16-08-55-30.jpg,2020-10-16
00002367-PHOTO-2020-10-21-15-17-51.jpg,2020-10-21
00002368-PHOTO-2020-10-21-15-17-52.jpg,2020-10-21
00002369-PHOTO-2020-10-21-15-17-52.jpg,2020-10-21
00002370-PHOTO-2020-10-21-15-17-52.jpg,2020-10-21
00002371-PHOTO-2020-10-21-15-17-53.jpg,2020-10-21
00002372-PHOTO-2020-10-21-15-17-53.jpg,2020-10-21
00002373-PHOTO-2020-10-21-15-17-53.jpg,2020-10-21
00002374-PHOTO-2020-10-21-15-17-54.jpg,2020-10-21
00002375-PHOTO-2020-10-21-15-17-54.jpg,2020-10-21
00002376-PHOTO-2020-10-21-15-17-55.jpg,2020-10-21
00002377-PHOTO-2020-10-21-15-17-55.jpg,2020-10-21
00002378-PHOTO-2020-10-21-15-17-55.jpg,2020-10-21
00002379-PHOTO-2020-10-21-15-17-56.jpg,2020-10-21
00002385-PHOTO-2020-10-22-14-16-14.jpg,2020-10-22
00002386-PHOTO-2020-10-22-14-16-15.jpg,2020-10-22
00002387-PHOTO-2020-10-22-14-16-16.jpg,2020-10-22
00002388-PHOTO-2020-10-22-14-16-17.jpg,2020-10-22
00002389-PHOTO-2020-10-22-14-16-17.jpg,2020-10-22
00002390-PHOTO-2020-10-22-14-16-18.jpg,2020-10-22
00002391-PHOTO-2020-10-22-14-16-18.jpg,2020-10-22
00002392-PHOTO-2020-10-22-14-16-18.jpg,2020-10-22
00002393-PHOTO-2020-10-22-14-16-19.jpg,2020-10-22
00002394-PHOTO-2020-10-22-14-16-19.jpg,2020-10-22
00002395-PHOTO-2020-10-22-14-16-20.jpg,2020-10-22
00002396-PHOTO-2020-10-22-14-16-20.jpg,2020-10-22
00002397-PHOTO-2020-10-22-14-16-21.jpg,2020-10-22
00002401-PHOTO-2020-10-23-12-56-52.jpg,2020-10-23
00002402-PHOTO-2020-10-23-12-56-53.jpg,2020-10-23
00002403-PHOTO-2020-10-23-12-56-53.jpg,2020-10-23
00002404-PHOTO-2020-10-23-12-56-53.jpg,2020-10-23
00002405-PHOTO-2020-10-23-12-56-53.jpg,2020-10-23
00002406-PHOTO-2020-10-23-12-56-53.jpg,2020-10-23
00002407-PHOTO-2020-10-23-12-56-53.jpg,2020-10-23
00002418-PHOTO-2020-10-26-14-01-14.jpg,2020-10-26
00002419-PHOTO-2020-10-26-14-01-14.jpg,2020-10-26
00002420-PHOTO-2020-10-26-14-01-14.jpg,2020-10-26
00002421-PHOTO-2020-10-26-14-01-14.jpg,2020-10-26
00002422-PHOTO-2020-10-26-14-01-14.jpg,2020-10-26
00002423-PHOTO-2020-10-26-14-01-15.jpg,2020-10-26
00002424-PHOTO-2020-10-26-14-01-15.jpg,2020-10-26
00002437-PHOTO-2020-10-30-12-12-23.jpg,2020-10-30
00002438-PHOTO-2020-10-30-12-12-23.jpg,2020-10-30
00002439-PHOTO-2020-10-30-12-12-24.jpg,2020-10-30
00002440-PHOTO-2020-10-30-12-12-24.jpg,2020-10-30
00002441-PHOTO-2020-10-30-12-12-25.jpg,2020-10-30
00002442-PHOTO-2020-10-30-12-12-25.jpg,2020-10-30
00002443-PHOTO-2020-10-30-12-12-26.jpg,2020-10-30
00002459-PHOTO-2020-11-03-14-35-42.jpg,2020-11-03
00002460-PHOTO-2020-11-03-14-35-42.jpg,2020-11-03
00002461-PHOTO-2020-11-03-14-35-43.jpg,2020-11-03
00002462-PHOTO-2020-11-03-14-35-44.jpg,2020-11-03
00002463-PHOTO-2020-11-03-14-35-44.jpg,2020-11-03
00002468-PHOTO-2020-11-05-06-29-58.jpg,2020-11-05
00002475-PHOTO-2020-11-14-08-49-14.jpg,2020-11-14
00002484-PHOTO-2020-11-19-13-47-51.jpg,2020-11-19
00002485-PHOTO-2020-11-19-13-47-51.jpg,2020-11-19
00002486-PHOTO-2020-11-19-13-47-51.jpg,2020-11-19
00002487-PHOTO-2020-11-19-13-47-51.jpg,2020-11-19
00002488-PHOTO-2020-11-19-13-47-51.jpg,2020-11-19
00002489-PHOTO-2020-11-19-13-47-52.jpg,2020-11-19
00002490-PHOTO-2020-11-19-13-47-52.jpg,2020-11-19
00002495-PHOTO-2020-11-20-14-32-02.jpg,2020-11-20
00002496-PHOTO-2020-11-20-14-32-02.jpg,2020-11-20
00002497-PHOTO-2020-11-20-14-32-02.jpg,2020-11-20
00002498-PHOTO-2020-11-20-14-32-02.jpg,2020-11-20
00002499-PHOTO-2020-11-20-14-32-02.jpg,2020-11-20
00002500-PHOTO-2020-11-20-14-32-02.jpg,2020-11-20
00002501-PHOTO-2020-11-20-14-32-02.jpg,2020-11-20
00002508-PHOTO-2020-11-25-13-33-14.jpg,2020-11-25
00002509-PHOTO-2020-11-25-13-33-15.jpg,2020-11-25
00002510-PHOTO-2020-11-25-13-33-16.jpg,2020-11-25
00002511-PHOTO-2020-11-25-13-33-16.jpg,2020-11-25
00002512-PHOTO-2020-11-25-13-33-17.jpg,2020-11-25
00002517-PHOTO-2020-11-30-14-11-24.jpg,2020-11-30
00002518-PHOTO-2020-11-30-14-11-24.jpg,2020-11-30
00002519-PHOTO-2020-11-30-14-11-24.jpg,2020-11-30
00002520-PHOTO-2020-11-30-14-11-24.jpg,2020-11-30
00002521-PHOTO-2020-11-30-14-11-24.jpg,2020-11-30
00002522-PHOTO-2020-11-30-14-11-24.jpg,2020-11-30
00002523-PHOTO-2020-11-30-14-11-24.jpg,2020-11-30
00002530-PHOTO-2020-12-01-15-25-28.jpg,2020-12-01
00002531-PHOTO-2020-12-01-15-25-29.jpg,2020-12-01
00002532-PHOTO-2020-12-01-15-25-30.jpg,2020-12-01
00002533-PHOTO-2020-12-01-15-25-30.jpg,2020-12-01
00002534-PHOTO-2020-12-01-15-25-31.jpg,2020-12-01
00002535-PHOTO-2020-12-01-15-25-31.jpg,2020-12-01
00002536-PHOTO-2020-12-01-15-25-32.jpg,2020-12-01
00002541-PHOTO-2020-12-02-14-11-13.jpg,2020-12-02
00002542-PHOTO-2020-12-02-14-11-14.jpg,2020-12-02
00002543-PHOTO-2020-12-02-14-11-14.jpg,2020-12-02
00002544-PHOTO-2020-12-02-14-11-15.jpg,2020-12-02
00002545-PHOTO-2020-12-02-14-11-16.jpg,2020-12-02
00002571-PHOTO-2020-12-08-16-41-32.jpg,2020-12-08
00002572-PHOTO-2020-12-08-16-41-33.jpg,2020-12-08
00002573-PHOTO-2020-12-08-16-41-33.jpg,2020-12-08
00002574-PHOTO-2020-12-08-16-41-34.jpg,2020-12-08
00002575-PHOTO-2020-12-08-16-41-34.jpg,2020-12-08
00002576-PHOTO-2020-12-08-16-41-35.jpg,2020-12-08
00002577-PHOTO-2020-12-08-16-41-36.jpg,2020-12-08
00002591-PHOTO-2020-12-15-10-20-44.jpg,2020-12-15
00002592-PHOTO-2020-12-15-13-14-07.jpg,2020-12-15
00002593-PHOTO-2020-12-15-13-14-08.jpg,2020-12-15
00002594-PHOTO-2020-12-15-13-14-09.jpg,2020-12-15
00002595-PHOTO-2020-12-15-13-14-09.jpg,2020-12-15
00002596-PHOTO-2020-12-15-13-14-10.jpg,2020-12-15
00002597-PHOTO-2020-12-15-13-14-11.jpg,2020-12-15
00002607-PHOTO-2020-12-17-12-04-45.jpg,2020-12-17
00002608-PHOTO-2020-12-17-12-04-46.jpg,2020-12-17
00002609-PHOTO-2020-12-17-12-04-46.jpg,2020-12-17
00002610-PHOTO-2020-12-17-12-04-47.jpg,2020-12-17
00002611-PHOTO-2020-12-17-12-04-48.jpg,2020-12-17
00002612-PHOTO-2020-12-17-12-04-48.jpg,2020-12-17
PHOTO-2020-12-28-12-05-36 1.jpg,2020-12-28
PHOTO-2020-12-28-12-05-36 2.jpg,2020-12-28
PHOTO-2020-12-28-12-05-36 3.jpg,2020-12-28
PHOTO-2020-12-28-12-05-36.jpg,2020-12-28
PHOTO-2020-12-29-13-03-20.jpg,2020-12-29
PHOTO-2020-12-29-13-03-21 1.jpg,2020-12-29
PHOTO-2020-12-29-13-03-21.jpg,2020-12-29
PHOTO-2020-12-29-13-03-22 1.jpg,2020-12-29
PHOTO-2020-12-29-13-03-22.jpg,2020-12-29
PHOTO-2020-12-29-13-03-24 1.jpg,2020-12-29
PHOTO-2020-12-29-13-03-24.jpg,2020-12-29
PHOTO-2020-12-30-12-21-40.jpg,2020-12-30
PHOTO-2020-12-30-12-22-24 1.jpg,2020-12-30
PHOTO-2020-12-30-12-22-24 2.jpg,2020-12-30
PHOTO-2020-12-30-12-22-24.jpg,2020-12-30
PHOTO-2021-01-04-10-54-06 1.jpg,2021-01-04
PHOTO-2021-01-04-10-54-06 2.jpg,2021-01-04
PHOTO-2021-01-04-10-54-06 3.jpg,2021-01-04
PHOTO-2021-01-04-10-54-06.jpg,2021-01-04
PHOTO-2021-01-05-18-05-51.jpg,2021-01-05
PHOTO-2021-01-05-18-05-52 1.jpg,2021-01-05
PHOTO-2021-01-05-18-05-52.jpg,2021-01-05
PHOTO-2021-01-05-18-05-53.jpg,2021-01-05
PHOTO-2021-01-06-13-53-55 1.jpg,2021-01-06
PHOTO-2021-01-06-13-53-55 2.jpg,2021-01-06
PHOTO-2021-01-06-13-53-55 3.jpg,2021-01-06
PHOTO-2021-01-06-13-53-55.jpg,2021-01-06
PHOTO-2021-01-06-13-54-32 1.jpg,2021-01-06
PHOTO-2021-01-06-13-54-32.jpg,2021-01-06
PHOTO-2021-01-06-13-54-33.jpg,2021-01-06
